img_path,mask_path
Dataset_BUSI_with_GT/Dataset_BUSI_with_GT/benign/benign (4).png,Dataset_BUSI_with_GT/Dataset_BUSI_with_GT/benign/benign (4)merged_mask.png
Dataset_BUSI_with_GT/Dataset_BUSI_with_GT/malignant/malignant (180).png,Dataset_BUSI_with_GT/Dataset_BUSI_with_GT/malignant/malignant (180)_mask.png
Dataset_BUSI_with_GT/Dataset_BUSI_with_GT/benign/benign (369).png,Dataset_BUSI_with_GT/Dataset_BUSI_with_GT/benign/benign (369)_mask.png
Dataset_BUSI_with_GT/Dataset_BUSI_with_GT/benign/benign (73).png,Dataset_BUSI_with_GT/Dataset_BUSI_with_GT/benign/benign (73)_mask.png
Dataset_BUSI_with_GT/Dataset_BUSI_with_GT/benign/benign (432).png,Dataset_BUSI_with_GT/Dataset_BUSI_with_GT/benign/benign (432)_mask.png
Dataset_BUSI_with_GT/Dataset_BUSI_with_GT/malignant/malignant (196).png,Dataset_BUSI_with_GT/Dataset_BUSI_with_GT/malignant/malignant (196)_mask.png
Dataset_BUSI_with_GT/Dataset_BUSI_with_GT/benign/benign (129).png,Dataset_BUSI_with_GT/Dataset_BUSI_with_GT/benign/benign (129)_mask.png
Dataset_BUSI_with_GT/Dataset_BUSI_with_GT/benign/benign (3).png,Dataset_BUSI_with_GT/Dataset_BUSI_with_GT/benign/benign (3)_mask.png
Dataset_BUSI_with_GT/Dataset_BUSI_with_GT/malignant/malignant (7).png,Dataset_BUSI_with_GT/Dataset_BUSI_with_GT/malignant/malignant (7)_mask.png
Dataset_BUSI_with_GT/Dataset_BUSI_with_GT/benign/benign (324).png,Dataset_BUSI_with_GT/Dataset_BUSI_with_GT/benign/benign (324)_mask.png
Dataset_BUSI_with_GT/Dataset_BUSI_with_GT/malignant/malignant (46).png,Dataset_BUSI_with_GT/Dataset_BUSI_with_GT/malignant/malignant (46)_mask.png
Dataset_BUSI_with_GT/Dataset_BUSI_with_GT/benign/benign (218).png,Dataset_BUSI_with_GT/Dataset_BUSI_with_GT/benign/benign (218)_mask.png
Dataset_BUSI_with_GT/Dataset_BUSI_with_GT/malignant/malignant (55).png,Dataset_BUSI_with_GT/Dataset_BUSI_with_GT/malignant/malignant (55)_mask.png
Dataset_BUSI_with_GT/Dataset_BUSI_with_GT/malignant/malignant (205).png,Dataset_BUSI_with_GT/Dataset_BUSI_with_GT/malignant/malignant (205)_mask.png
Dataset_BUSI_with_GT/Dataset_BUSI_with_GT/benign/benign (431).png,Dataset_BUSI_with_GT/Dataset_BUSI_with_GT/benign/benign (431)_mask.png
Dataset_BUSI_with_GT/Dataset_BUSI_with_GT/malignant/malignant (186).png,Dataset_BUSI_with_GT/Dataset_BUSI_with_GT/malignant/malignant (186)_mask.png
Dataset_BUSI_with_GT/Dataset_BUSI_with_GT/benign/benign (186).png,Dataset_BUSI_with_GT/Dataset_BUSI_with_GT/benign/benign (186)_mask.png
Dataset_BUSI_with_GT/Dataset_BUSI_with_GT/malignant/malignant (37).png,Dataset_BUSI_with_GT/Dataset_BUSI_with_GT/malignant/malignant (37)_mask.png
Dataset_BUSI_with_GT/Dataset_BUSI_with_GT/benign/benign (239).png,Dataset_BUSI_with_GT/Dataset_BUSI_with_GT/benign/benign (239)_mask.png
Dataset_BUSI_with_GT/Dataset_BUSI_with_GT/benign/benign (216).png,Dataset_BUSI_with_GT/Dataset_BUSI_with_GT/benign/benign (216)_mask.png
Dataset_BUSI_with_GT/Dataset_BUSI_with_GT/malignant/malignant (62).png,Dataset_BUSI_with_GT/Dataset_BUSI_with_GT/malignant/malignant (62)_mask.png
Dataset_BUSI_with_GT/Dataset_BUSI_with_GT/benign/benign (33).png,Dataset_BUSI_with_GT/Dataset_BUSI_with_GT/benign/benign (33)_mask.png
Dataset_BUSI_with_GT/Dataset_BUSI_with_GT/malignant/malignant (97).png,Dataset_BUSI_with_GT/Dataset_BUSI_with_GT/malignant/malignant (97)_mask.png
Dataset_BUSI_with_GT/Dataset_BUSI_with_GT/benign/benign (30).png,Dataset_BUSI_with_GT/Dataset_BUSI_with_GT/benign/benign (30)_mask.png
Dataset_BUSI_with_GT/Dataset_BUSI_with_GT/malignant/malignant (63).png,Dataset_BUSI_with_GT/Dataset_BUSI_with_GT/malignant/malignant (63)_mask.png
Dataset_BUSI_with_GT/Dataset_BUSI_with_GT/benign/benign (402).png,Dataset_BUSI_with_GT/Dataset_BUSI_with_GT/benign/benign (402)_mask.png
Dataset_BUSI_with_GT/Dataset_BUSI_with_GT/malignant/malignant (49).png,Dataset_BUSI_with_GT/Dataset_BUSI_with_GT/malignant/malignant (49)_mask.png
Dataset_BUSI_with_GT/Dataset_BUSI_with_GT/benign/benign (191).png,Dataset_BUSI_with_GT/Dataset_BUSI_with_GT/benign/benign (191)_mask.png
Dataset_BUSI_with_GT/Dataset_BUSI_with_GT/benign/benign (308).png,Dataset_BUSI_with_GT/Dataset_BUSI_with_GT/benign/benign (308)_mask.png
Dataset_BUSI_with_GT/Dataset_BUSI_with_GT/benign/benign (429).png,Dataset_BUSI_with_GT/Dataset_BUSI_with_GT/benign/benign (429)_mask.png
Dataset_BUSI_with_GT/Dataset_BUSI_with_GT/benign/benign (147).png,Dataset_BUSI_with_GT/Dataset_BUSI_with_GT/benign/benign (147)_mask.png
Dataset_BUSI_with_GT/Dataset_BUSI_with_GT/benign/benign (74).png,Dataset_BUSI_with_GT/Dataset_BUSI_with_GT/benign/benign (74)_mask.png
Dataset_BUSI_with_GT/Dataset_BUSI_with_GT/benign/benign (228).png,Dataset_BUSI_with_GT/Dataset_BUSI_with_GT/benign/benign (228)_mask.png
Dataset_BUSI_with_GT/Dataset_BUSI_with_GT/malignant/malignant (29).png,Dataset_BUSI_with_GT/Dataset_BUSI_with_GT/malignant/malignant (29)_mask.png
Dataset_BUSI_with_GT/Dataset_BUSI_with_GT/malignant/malignant (70).png,Dataset_BUSI_with_GT/Dataset_BUSI_with_GT/malignant/malignant (70)_mask.png
Dataset_BUSI_with_GT/Dataset_BUSI_with_GT/benign/benign (367).png,Dataset_BUSI_with_GT/Dataset_BUSI_with_GT/benign/benign (367)_mask.png
Dataset_BUSI_with_GT/Dataset_BUSI_with_GT/benign/benign (277).png,Dataset_BUSI_with_GT/Dataset_BUSI_with_GT/benign/benign (277)_mask.png
Dataset_BUSI_with_GT/Dataset_BUSI_with_GT/malignant/malignant (15).png,Dataset_BUSI_with_GT/Dataset_BUSI_with_GT/malignant/malignant (15)_mask.png
Dataset_BUSI_with_GT/Dataset_BUSI_with_GT/benign/benign (55).png,Dataset_BUSI_with_GT/Dataset_BUSI_with_GT/benign/benign (55)_mask.png
Dataset_BUSI_with_GT/Dataset_BUSI_with_GT/malignant/malignant (133).png,Dataset_BUSI_with_GT/Dataset_BUSI_with_GT/malignant/malignant (133)_mask.png
Dataset_BUSI_with_GT/Dataset_BUSI_with_GT/benign/benign (63).png,Dataset_BUSI_with_GT/Dataset_BUSI_with_GT/benign/benign (63)_mask.png
Dataset_BUSI_with_GT/Dataset_BUSI_with_GT/benign/benign (266).png,Dataset_BUSI_with_GT/Dataset_BUSI_with_GT/benign/benign (266)_mask.png
Dataset_BUSI_with_GT/Dataset_BUSI_with_GT/benign/benign (417).png,Dataset_BUSI_with_GT/Dataset_BUSI_with_GT/benign/benign (417)_mask.png
Dataset_BUSI_with_GT/Dataset_BUSI_with_GT/benign/benign (221).png,Dataset_BUSI_with_GT/Dataset_BUSI_with_GT/benign/benign (221)_mask.png
Dataset_BUSI_with_GT/Dataset_BUSI_with_GT/malignant/malignant (101).png,Dataset_BUSI_with_GT/Dataset_BUSI_with_GT/malignant/malignant (101)_mask.png
Dataset_BUSI_with_GT/Dataset_BUSI_with_GT/benign/benign (142).png,Dataset_BUSI_with_GT/Dataset_BUSI_with_GT/benign/benign (142)_mask.png
Dataset_BUSI_with_GT/Dataset_BUSI_with_GT/malignant/malignant (14).png,Dataset_BUSI_with_GT/Dataset_BUSI_with_GT/malignant/malignant (14)_mask.png
Dataset_BUSI_with_GT/Dataset_BUSI_with_GT/benign/benign (178).png,Dataset_BUSI_with_GT/Dataset_BUSI_with_GT/benign/benign (178)_mask.png
Dataset_BUSI_with_GT/Dataset_BUSI_with_GT/benign/benign (85).png,Dataset_BUSI_with_GT/Dataset_BUSI_with_GT/benign/benign (85)_mask.png
Dataset_BUSI_with_GT/Dataset_BUSI_with_GT/benign/benign (404).png,Dataset_BUSI_with_GT/Dataset_BUSI_with_GT/benign/benign (404)_mask.png
Dataset_BUSI_with_GT/Dataset_BUSI_with_GT/benign/benign (20).png,Dataset_BUSI_with_GT/Dataset_BUSI_with_GT/benign/benign (20)_mask.png
Dataset_BUSI_with_GT/Dataset_BUSI_with_GT/benign/benign (236).png,Dataset_BUSI_with_GT/Dataset_BUSI_with_GT/benign/benign (236)_mask.png
Dataset_BUSI_with_GT/Dataset_BUSI_with_GT/benign/benign (339).png,Dataset_BUSI_with_GT/Dataset_BUSI_with_GT/benign/benign (339)_mask.png
Dataset_BUSI_with_GT/Dataset_BUSI_with_GT/benign/benign (215).png,Dataset_BUSI_with_GT/Dataset_BUSI_with_GT/benign/benign (215)_mask.png
Dataset_BUSI_with_GT/Dataset_BUSI_with_GT/benign/benign (89).png,Dataset_BUSI_with_GT/Dataset_BUSI_with_GT/benign/benign (89)_mask.png
Dataset_BUSI_with_GT/Dataset_BUSI_with_GT/benign/benign (141).png,Dataset_BUSI_with_GT/Dataset_BUSI_with_GT/benign/benign (141)_mask.png
Dataset_BUSI_with_GT/Dataset_BUSI_with_GT/benign/benign (153).png,Dataset_BUSI_with_GT/Dataset_BUSI_with_GT/benign/benign (153)_mask.png
Dataset_BUSI_with_GT/Dataset_BUSI_with_GT/benign/benign (145).png,Dataset_BUSI_with_GT/Dataset_BUSI_with_GT/benign/benign (145)_mask.png
Dataset_BUSI_with_GT/Dataset_BUSI_with_GT/benign/benign (105).png,Dataset_BUSI_with_GT/Dataset_BUSI_with_GT/benign/benign (105)_mask.png
Dataset_BUSI_with_GT/Dataset_BUSI_with_GT/malignant/malignant (134).png,Dataset_BUSI_with_GT/Dataset_BUSI_with_GT/malignant/malignant (134)_mask.png
Dataset_BUSI_with_GT/Dataset_BUSI_with_GT/malignant/malignant (126).png,Dataset_BUSI_with_GT/Dataset_BUSI_with_GT/malignant/malignant (126)_mask.png
Dataset_BUSI_with_GT/Dataset_BUSI_with_GT/benign/benign (309).png,Dataset_BUSI_with_GT/Dataset_BUSI_with_GT/benign/benign (309)_mask.png
Dataset_BUSI_with_GT/Dataset_BUSI_with_GT/benign/benign (294).png,Dataset_BUSI_with_GT/Dataset_BUSI_with_GT/benign/benign (294)_mask.png
Dataset_BUSI_with_GT/Dataset_BUSI_with_GT/malignant/malignant (195).png,Dataset_BUSI_with_GT/Dataset_BUSI_with_GT/malignant/malignant (195)_mask.png
Dataset_BUSI_with_GT/Dataset_BUSI_with_GT/benign/benign (10).png,Dataset_BUSI_with_GT/Dataset_BUSI_with_GT/benign/benign (10)_mask.png
Dataset_BUSI_with_GT/Dataset_BUSI_with_GT/malignant/malignant (177).png,Dataset_BUSI_with_GT/Dataset_BUSI_with_GT/malignant/malignant (177)_mask.png
Dataset_BUSI_with_GT/Dataset_BUSI_with_GT/benign/benign (220).png,Dataset_BUSI_with_GT/Dataset_BUSI_with_GT/benign/benign (220)_mask.png
Dataset_BUSI_with_GT/Dataset_BUSI_with_GT/malignant/malignant (187).png,Dataset_BUSI_with_GT/Dataset_BUSI_with_GT/malignant/malignant (187)_mask.png
Dataset_BUSI_with_GT/Dataset_BUSI_with_GT/benign/benign (360).png,Dataset_BUSI_with_GT/Dataset_BUSI_with_GT/benign/benign (360)_mask.png
Dataset_BUSI_with_GT/Dataset_BUSI_with_GT/malignant/malignant (10).png,Dataset_BUSI_with_GT/Dataset_BUSI_with_GT/malignant/malignant (10)_mask.png
Dataset_BUSI_with_GT/Dataset_BUSI_with_GT/benign/benign (118).png,Dataset_BUSI_with_GT/Dataset_BUSI_with_GT/benign/benign (118)_mask.png
Dataset_BUSI_with_GT/Dataset_BUSI_with_GT/benign/benign (47).png,Dataset_BUSI_with_GT/Dataset_BUSI_with_GT/benign/benign (47)_mask.png
Dataset_BUSI_with_GT/Dataset_BUSI_with_GT/benign/benign (385).png,Dataset_BUSI_with_GT/Dataset_BUSI_with_GT/benign/benign (385)_mask.png
Dataset_BUSI_with_GT/Dataset_BUSI_with_GT/benign/benign (376).png,Dataset_BUSI_with_GT/Dataset_BUSI_with_GT/benign/benign (376)_mask.png
Dataset_BUSI_with_GT/Dataset_BUSI_with_GT/benign/benign (115).png,Dataset_BUSI_with_GT/Dataset_BUSI_with_GT/benign/benign (115)_mask.png
Dataset_BUSI_with_GT/Dataset_BUSI_with_GT/benign/benign (45).png,Dataset_BUSI_with_GT/Dataset_BUSI_with_GT/benign/benign (45)_mask.png
Dataset_BUSI_with_GT/Dataset_BUSI_with_GT/malignant/malignant (147).png,Dataset_BUSI_with_GT/Dataset_BUSI_with_GT/malignant/malignant (147)_mask.png
Dataset_BUSI_with_GT/Dataset_BUSI_with_GT/benign/benign (19).png,Dataset_BUSI_with_GT/Dataset_BUSI_with_GT/benign/benign (19)_mask.png
Dataset_BUSI_with_GT/Dataset_BUSI_with_GT/malignant/malignant (34).png,Dataset_BUSI_with_GT/Dataset_BUSI_with_GT/malignant/malignant (34)_mask.png
Dataset_BUSI_with_GT/Dataset_BUSI_with_GT/malignant/malignant (56).png,Dataset_BUSI_with_GT/Dataset_BUSI_with_GT/malignant/malignant (56)_mask.png
Dataset_BUSI_with_GT/Dataset_BUSI_with_GT/malignant/malignant (190).png,Dataset_BUSI_with_GT/Dataset_BUSI_with_GT/malignant/malignant (190)_mask.png
Dataset_BUSI_with_GT/Dataset_BUSI_with_GT/benign/benign (2).png,Dataset_BUSI_with_GT/Dataset_BUSI_with_GT/benign/benign (2)_mask.png
Dataset_BUSI_with_GT/Dataset_BUSI_with_GT/malignant/malignant (84).png,Dataset_BUSI_with_GT/Dataset_BUSI_with_GT/malignant/malignant (84)_mask.png
Dataset_BUSI_with_GT/Dataset_BUSI_with_GT/malignant/malignant (150).png,Dataset_BUSI_with_GT/Dataset_BUSI_with_GT/malignant/malignant (150)_mask.png
Dataset_BUSI_with_GT/Dataset_BUSI_with_GT/benign/benign (255).png,Dataset_BUSI_with_GT/Dataset_BUSI_with_GT/benign/benign (255)_mask.png
Dataset_BUSI_with_GT/Dataset_BUSI_with_GT/benign/benign (322).png,Dataset_BUSI_with_GT/Dataset_BUSI_with_GT/benign/benign (322)_mask.png
Dataset_BUSI_with_GT/Dataset_BUSI_with_GT/malignant/malignant (75).png,Dataset_BUSI_with_GT/Dataset_BUSI_with_GT/malignant/malignant (75)_mask.png
Dataset_BUSI_with_GT/Dataset_BUSI_with_GT/malignant/malignant (71).png,Dataset_BUSI_with_GT/Dataset_BUSI_with_GT/malignant/malignant (71)_mask.png
Dataset_BUSI_with_GT/Dataset_BUSI_with_GT/benign/benign (416).png,Dataset_BUSI_with_GT/Dataset_BUSI_with_GT/benign/benign (416)_mask.png
Dataset_BUSI_with_GT/Dataset_BUSI_with_GT/malignant/malignant (48).png,Dataset_BUSI_with_GT/Dataset_BUSI_with_GT/malignant/malignant (48)_mask.png
Dataset_BUSI_with_GT/Dataset_BUSI_with_GT/benign/benign (138).png,Dataset_BUSI_with_GT/Dataset_BUSI_with_GT/benign/benign (138)_mask.png
Dataset_BUSI_with_GT/Dataset_BUSI_with_GT/benign/benign (336).png,Dataset_BUSI_with_GT/Dataset_BUSI_with_GT/benign/benign (336)_mask.png
Dataset_BUSI_with_GT/Dataset_BUSI_with_GT/benign/benign (271).png,Dataset_BUSI_with_GT/Dataset_BUSI_with_GT/benign/benign (271)_mask.png
Dataset_BUSI_with_GT/Dataset_BUSI_with_GT/benign/benign (5).png,Dataset_BUSI_with_GT/Dataset_BUSI_with_GT/benign/benign (5)_mask.png
Dataset_BUSI_with_GT/Dataset_BUSI_with_GT/benign/benign (306).png,Dataset_BUSI_with_GT/Dataset_BUSI_with_GT/benign/benign (306)_mask.png
Dataset_BUSI_with_GT/Dataset_BUSI_with_GT/benign/benign (146).png,Dataset_BUSI_with_GT/Dataset_BUSI_with_GT/benign/benign (146)_mask.png
Dataset_BUSI_with_GT/Dataset_BUSI_with_GT/benign/benign (222).png,Dataset_BUSI_with_GT/Dataset_BUSI_with_GT/benign/benign (222)_mask.png
Dataset_BUSI_with_GT/Dataset_BUSI_with_GT/malignant/malignant (167).png,Dataset_BUSI_with_GT/Dataset_BUSI_with_GT/malignant/malignant (167)_mask.png
Dataset_BUSI_with_GT/Dataset_BUSI_with_GT/benign/benign (113).png,Dataset_BUSI_with_GT/Dataset_BUSI_with_GT/benign/benign (113)_mask.png
Dataset_BUSI_with_GT/Dataset_BUSI_with_GT/benign/benign (379).png,Dataset_BUSI_with_GT/Dataset_BUSI_with_GT/benign/benign (379)_mask.png
Dataset_BUSI_with_GT/Dataset_BUSI_with_GT/malignant/malignant (58).png,Dataset_BUSI_with_GT/Dataset_BUSI_with_GT/malignant/malignant (58)_mask.png
Dataset_BUSI_with_GT/Dataset_BUSI_with_GT/benign/benign (302).png,Dataset_BUSI_with_GT/Dataset_BUSI_with_GT/benign/benign (302)_mask.png
Dataset_BUSI_with_GT/Dataset_BUSI_with_GT/benign/benign (372).png,Dataset_BUSI_with_GT/Dataset_BUSI_with_GT/benign/benign (372)_mask.png
Dataset_BUSI_with_GT/Dataset_BUSI_with_GT/benign/benign (224).png,Dataset_BUSI_with_GT/Dataset_BUSI_with_GT/benign/benign (224)_mask.png
Dataset_BUSI_with_GT/Dataset_BUSI_with_GT/benign/benign (205).png,Dataset_BUSI_with_GT/Dataset_BUSI_with_GT/benign/benign (205)_mask.png
Dataset_BUSI_with_GT/Dataset_BUSI_with_GT/benign/benign (265).png,Dataset_BUSI_with_GT/Dataset_BUSI_with_GT/benign/benign (265)_mask.png
Dataset_BUSI_with_GT/Dataset_BUSI_with_GT/benign/benign (272).png,Dataset_BUSI_with_GT/Dataset_BUSI_with_GT/benign/benign (272)_mask.png
Dataset_BUSI_with_GT/Dataset_BUSI_with_GT/malignant/malignant (144).png,Dataset_BUSI_with_GT/Dataset_BUSI_with_GT/malignant/malignant (144)_mask.png
Dataset_BUSI_with_GT/Dataset_BUSI_with_GT/benign/benign (133).png,Dataset_BUSI_with_GT/Dataset_BUSI_with_GT/benign/benign (133)_mask.png
Dataset_BUSI_with_GT/Dataset_BUSI_with_GT/malignant/malignant (171).png,Dataset_BUSI_with_GT/Dataset_BUSI_with_GT/malignant/malignant (171)_mask.png
Dataset_BUSI_with_GT/Dataset_BUSI_with_GT/benign/benign (48).png,Dataset_BUSI_with_GT/Dataset_BUSI_with_GT/benign/benign (48)_mask.png
Dataset_BUSI_with_GT/Dataset_BUSI_with_GT/malignant/malignant (130).png,Dataset_BUSI_with_GT/Dataset_BUSI_with_GT/malignant/malignant (130)_mask.png
Dataset_BUSI_with_GT/Dataset_BUSI_with_GT/benign/benign (353).png,Dataset_BUSI_with_GT/Dataset_BUSI_with_GT/benign/benign (353)_mask.png
Dataset_BUSI_with_GT/Dataset_BUSI_with_GT/benign/benign (197).png,Dataset_BUSI_with_GT/Dataset_BUSI_with_GT/benign/benign (197)_mask.png
Dataset_BUSI_with_GT/Dataset_BUSI_with_GT/benign/benign (428).png,Dataset_BUSI_with_GT/Dataset_BUSI_with_GT/benign/benign (428)_mask.png
Dataset_BUSI_with_GT/Dataset_BUSI_with_GT/benign/benign (356).png,Dataset_BUSI_with_GT/Dataset_BUSI_with_GT/benign/benign (356)_mask.png
Dataset_BUSI_with_GT/Dataset_BUSI_with_GT/malignant/malignant (116).png,Dataset_BUSI_with_GT/Dataset_BUSI_with_GT/malignant/malignant (116)_mask.png
Dataset_BUSI_with_GT/Dataset_BUSI_with_GT/benign/benign (251).png,Dataset_BUSI_with_GT/Dataset_BUSI_with_GT/benign/benign (251)_mask.png
Dataset_BUSI_with_GT/Dataset_BUSI_with_GT/benign/benign (52).png,Dataset_BUSI_with_GT/Dataset_BUSI_with_GT/benign/benign (52)_mask.png
Dataset_BUSI_with_GT/Dataset_BUSI_with_GT/benign/benign (35).png,Dataset_BUSI_with_GT/Dataset_BUSI_with_GT/benign/benign (35)_mask.png
Dataset_BUSI_with_GT/Dataset_BUSI_with_GT/malignant/malignant (154).png,Dataset_BUSI_with_GT/Dataset_BUSI_with_GT/malignant/malignant (154)_mask.png
Dataset_BUSI_with_GT/Dataset_BUSI_with_GT/malignant/malignant (91).png,Dataset_BUSI_with_GT/Dataset_BUSI_with_GT/malignant/malignant (91)_mask.png
Dataset_BUSI_with_GT/Dataset_BUSI_with_GT/malignant/malignant (104).png,Dataset_BUSI_with_GT/Dataset_BUSI_with_GT/malignant/malignant (104)_mask.png
Dataset_BUSI_with_GT/Dataset_BUSI_with_GT/benign/benign (423).png,Dataset_BUSI_with_GT/Dataset_BUSI_with_GT/benign/benign (423)_mask.png
Dataset_BUSI_with_GT/Dataset_BUSI_with_GT/benign/benign (184).png,Dataset_BUSI_with_GT/Dataset_BUSI_with_GT/benign/benign (184)_mask.png
Dataset_BUSI_with_GT/Dataset_BUSI_with_GT/benign/benign (293).png,Dataset_BUSI_with_GT/Dataset_BUSI_with_GT/benign/benign (293)_mask.png
Dataset_BUSI_with_GT/Dataset_BUSI_with_GT/benign/benign (386).png,Dataset_BUSI_with_GT/Dataset_BUSI_with_GT/benign/benign (386)_mask.png
Dataset_BUSI_with_GT/Dataset_BUSI_with_GT/malignant/malignant (206).png,Dataset_BUSI_with_GT/Dataset_BUSI_with_GT/malignant/malignant (206)_mask.png
Dataset_BUSI_with_GT/Dataset_BUSI_with_GT/benign/benign (313).png,Dataset_BUSI_with_GT/Dataset_BUSI_with_GT/benign/benign (313)_mask.png
Dataset_BUSI_with_GT/Dataset_BUSI_with_GT/benign/benign (282).png,Dataset_BUSI_with_GT/Dataset_BUSI_with_GT/benign/benign (282)_mask.png
Dataset_BUSI_with_GT/Dataset_BUSI_with_GT/benign/benign (361).png,Dataset_BUSI_with_GT/Dataset_BUSI_with_GT/benign/benign (361)_mask.png
Dataset_BUSI_with_GT/Dataset_BUSI_with_GT/benign/benign (229).png,Dataset_BUSI_with_GT/Dataset_BUSI_with_GT/benign/benign (229)_mask.png
Dataset_BUSI_with_GT/Dataset_BUSI_with_GT/benign/benign (381).png,Dataset_BUSI_with_GT/Dataset_BUSI_with_GT/benign/benign (381)_mask.png
Dataset_BUSI_with_GT/Dataset_BUSI_with_GT/benign/benign (26).png,Dataset_BUSI_with_GT/Dataset_BUSI_with_GT/benign/benign (26)_mask.png
Dataset_BUSI_with_GT/Dataset_BUSI_with_GT/benign/benign (44).png,Dataset_BUSI_with_GT/Dataset_BUSI_with_GT/benign/benign (44)_mask.png
Dataset_BUSI_with_GT/Dataset_BUSI_with_GT/malignant/malignant (47).png,Dataset_BUSI_with_GT/Dataset_BUSI_with_GT/malignant/malignant (47)_mask.png
Dataset_BUSI_with_GT/Dataset_BUSI_with_GT/benign/benign (327).png,Dataset_BUSI_with_GT/Dataset_BUSI_with_GT/benign/benign (327)_mask.png
Dataset_BUSI_with_GT/Dataset_BUSI_with_GT/benign/benign (212).png,Dataset_BUSI_with_GT/Dataset_BUSI_with_GT/benign/benign (212)_mask.png
Dataset_BUSI_with_GT/Dataset_BUSI_with_GT/malignant/malignant (4).png,Dataset_BUSI_with_GT/Dataset_BUSI_with_GT/malignant/malignant (4)_mask.png
Dataset_BUSI_with_GT/Dataset_BUSI_with_GT/benign/benign (122).png,Dataset_BUSI_with_GT/Dataset_BUSI_with_GT/benign/benign (122)_mask.png
Dataset_BUSI_with_GT/Dataset_BUSI_with_GT/malignant/malignant (139).png,Dataset_BUSI_with_GT/Dataset_BUSI_with_GT/malignant/malignant (139)_mask.png
Dataset_BUSI_with_GT/Dataset_BUSI_with_GT/benign/benign (39).png,Dataset_BUSI_with_GT/Dataset_BUSI_with_GT/benign/benign (39)_mask.png
Dataset_BUSI_with_GT/Dataset_BUSI_with_GT/benign/benign (121).png,Dataset_BUSI_with_GT/Dataset_BUSI_with_GT/benign/benign (121)_mask.png
Dataset_BUSI_with_GT/Dataset_BUSI_with_GT/benign/benign (130).png,Dataset_BUSI_with_GT/Dataset_BUSI_with_GT/benign/benign (130)_mask.png
Dataset_BUSI_with_GT/Dataset_BUSI_with_GT/benign/benign (295).png,Dataset_BUSI_with_GT/Dataset_BUSI_with_GT/benign/benign (295)_mask.png
Dataset_BUSI_with_GT/Dataset_BUSI_with_GT/benign/benign (84).png,Dataset_BUSI_with_GT/Dataset_BUSI_with_GT/benign/benign (84)_mask.png
Dataset_BUSI_with_GT/Dataset_BUSI_with_GT/benign/benign (88).png,Dataset_BUSI_with_GT/Dataset_BUSI_with_GT/benign/benign (88)_mask.png
Dataset_BUSI_with_GT/Dataset_BUSI_with_GT/malignant/malignant (6).png,Dataset_BUSI_with_GT/Dataset_BUSI_with_GT/malignant/malignant (6)_mask.png
Dataset_BUSI_with_GT/Dataset_BUSI_with_GT/benign/benign (318).png,Dataset_BUSI_with_GT/Dataset_BUSI_with_GT/benign/benign (318)_mask.png
Dataset_BUSI_with_GT/Dataset_BUSI_with_GT/benign/benign (76).png,Dataset_BUSI_with_GT/Dataset_BUSI_with_GT/benign/benign (76)_mask.png
Dataset_BUSI_with_GT/Dataset_BUSI_with_GT/malignant/malignant (53).png,Dataset_BUSI_with_GT/Dataset_BUSI_with_GT/malignant/malignant (53)merged_mask.png
Dataset_BUSI_with_GT/Dataset_BUSI_with_GT/benign/benign (137).png,Dataset_BUSI_with_GT/Dataset_BUSI_with_GT/benign/benign (137)_mask.png
Dataset_BUSI_with_GT/Dataset_BUSI_with_GT/benign/benign (315).png,Dataset_BUSI_with_GT/Dataset_BUSI_with_GT/benign/benign (315)merged_mask.png
Dataset_BUSI_with_GT/Dataset_BUSI_with_GT/malignant/malignant (203).png,Dataset_BUSI_with_GT/Dataset_BUSI_with_GT/malignant/malignant (203)_mask.png
Dataset_BUSI_with_GT/Dataset_BUSI_with_GT/benign/benign (196).png,Dataset_BUSI_with_GT/Dataset_BUSI_with_GT/benign/benign (196)_mask.png
Dataset_BUSI_with_GT/Dataset_BUSI_with_GT/benign/benign (226).png,Dataset_BUSI_with_GT/Dataset_BUSI_with_GT/benign/benign (226)_mask.png
Dataset_BUSI_with_GT/Dataset_BUSI_with_GT/malignant/malignant (81).png,Dataset_BUSI_with_GT/Dataset_BUSI_with_GT/malignant/malignant (81)_mask.png
Dataset_BUSI_with_GT/Dataset_BUSI_with_GT/malignant/malignant (68).png,Dataset_BUSI_with_GT/Dataset_BUSI_with_GT/malignant/malignant (68)_mask.png
Dataset_BUSI_with_GT/Dataset_BUSI_with_GT/benign/benign (245).png,Dataset_BUSI_with_GT/Dataset_BUSI_with_GT/benign/benign (245)_mask.png
Dataset_BUSI_with_GT/Dataset_BUSI_with_GT/benign/benign (11).png,Dataset_BUSI_with_GT/Dataset_BUSI_with_GT/benign/benign (11)_mask.png
Dataset_BUSI_with_GT/Dataset_BUSI_with_GT/benign/benign (347).png,Dataset_BUSI_with_GT/Dataset_BUSI_with_GT/benign/benign (347)_mask.png
Dataset_BUSI_with_GT/Dataset_BUSI_with_GT/malignant/malignant (141).png,Dataset_BUSI_with_GT/Dataset_BUSI_with_GT/malignant/malignant (141)_mask.png
Dataset_BUSI_with_GT/Dataset_BUSI_with_GT/malignant/malignant (189).png,Dataset_BUSI_with_GT/Dataset_BUSI_with_GT/malignant/malignant (189)_mask.png
Dataset_BUSI_with_GT/Dataset_BUSI_with_GT/benign/benign (359).png,Dataset_BUSI_with_GT/Dataset_BUSI_with_GT/benign/benign (359)_mask.png
Dataset_BUSI_with_GT/Dataset_BUSI_with_GT/malignant/malignant (166).png,Dataset_BUSI_with_GT/Dataset_BUSI_with_GT/malignant/malignant (166)_mask.png
Dataset_BUSI_with_GT/Dataset_BUSI_with_GT/malignant/malignant (86).png,Dataset_BUSI_with_GT/Dataset_BUSI_with_GT/malignant/malignant (86)_mask.png
Dataset_BUSI_with_GT/Dataset_BUSI_with_GT/malignant/malignant (80).png,Dataset_BUSI_with_GT/Dataset_BUSI_with_GT/malignant/malignant (80)_mask.png
Dataset_BUSI_with_GT/Dataset_BUSI_with_GT/malignant/malignant (178).png,Dataset_BUSI_with_GT/Dataset_BUSI_with_GT/malignant/malignant (178)_mask.png
Dataset_BUSI_with_GT/Dataset_BUSI_with_GT/malignant/malignant (156).png,Dataset_BUSI_with_GT/Dataset_BUSI_with_GT/malignant/malignant (156)_mask.png
Dataset_BUSI_with_GT/Dataset_BUSI_with_GT/benign/benign (348).png,Dataset_BUSI_with_GT/Dataset_BUSI_with_GT/benign/benign (348)_mask.png
Dataset_BUSI_with_GT/Dataset_BUSI_with_GT/benign/benign (333).png,Dataset_BUSI_with_GT/Dataset_BUSI_with_GT/benign/benign (333)_mask.png
Dataset_BUSI_with_GT/Dataset_BUSI_with_GT/benign/benign (230).png,Dataset_BUSI_with_GT/Dataset_BUSI_with_GT/benign/benign (230)_mask.png
Dataset_BUSI_with_GT/Dataset_BUSI_with_GT/benign/benign (350).png,Dataset_BUSI_with_GT/Dataset_BUSI_with_GT/benign/benign (350)_mask.png
Dataset_BUSI_with_GT/Dataset_BUSI_with_GT/benign/benign (202).png,Dataset_BUSI_with_GT/Dataset_BUSI_with_GT/benign/benign (202)_mask.png
Dataset_BUSI_with_GT/Dataset_BUSI_with_GT/benign/benign (243).png,Dataset_BUSI_with_GT/Dataset_BUSI_with_GT/benign/benign (243)_mask.png
Dataset_BUSI_with_GT/Dataset_BUSI_with_GT/benign/benign (21).png,Dataset_BUSI_with_GT/Dataset_BUSI_with_GT/benign/benign (21)_mask.png
Dataset_BUSI_with_GT/Dataset_BUSI_with_GT/malignant/malignant (122).png,Dataset_BUSI_with_GT/Dataset_BUSI_with_GT/malignant/malignant (122)_mask.png
Dataset_BUSI_with_GT/Dataset_BUSI_with_GT/malignant/malignant (111).png,Dataset_BUSI_with_GT/Dataset_BUSI_with_GT/malignant/malignant (111)_mask.png
Dataset_BUSI_with_GT/Dataset_BUSI_with_GT/benign/benign (188).png,Dataset_BUSI_with_GT/Dataset_BUSI_with_GT/benign/benign (188)_mask.png
Dataset_BUSI_with_GT/Dataset_BUSI_with_GT/benign/benign (391).png,Dataset_BUSI_with_GT/Dataset_BUSI_with_GT/benign/benign (391)_mask.png
Dataset_BUSI_with_GT/Dataset_BUSI_with_GT/benign/benign (81).png,Dataset_BUSI_with_GT/Dataset_BUSI_with_GT/benign/benign (81)_mask.png
Dataset_BUSI_with_GT/Dataset_BUSI_with_GT/malignant/malignant (92).png,Dataset_BUSI_with_GT/Dataset_BUSI_with_GT/malignant/malignant (92)_mask.png
Dataset_BUSI_with_GT/Dataset_BUSI_with_GT/benign/benign (240).png,Dataset_BUSI_with_GT/Dataset_BUSI_with_GT/benign/benign (240)_mask.png
Dataset_BUSI_with_GT/Dataset_BUSI_with_GT/benign/benign (83).png,Dataset_BUSI_with_GT/Dataset_BUSI_with_GT/benign/benign (83)merged_mask.png
Dataset_BUSI_with_GT/Dataset_BUSI_with_GT/benign/benign (400).png,Dataset_BUSI_with_GT/Dataset_BUSI_with_GT/benign/benign (400)_mask.png
Dataset_BUSI_with_GT/Dataset_BUSI_with_GT/benign/benign (183).png,Dataset_BUSI_with_GT/Dataset_BUSI_with_GT/benign/benign (183)_mask.png
Dataset_BUSI_with_GT/Dataset_BUSI_with_GT/benign/benign (430).png,Dataset_BUSI_with_GT/Dataset_BUSI_with_GT/benign/benign (430)_mask.png
Dataset_BUSI_with_GT/Dataset_BUSI_with_GT/benign/benign (24).png,Dataset_BUSI_with_GT/Dataset_BUSI_with_GT/benign/benign (24)_mask.png
Dataset_BUSI_with_GT/Dataset_BUSI_with_GT/malignant/malignant (79).png,Dataset_BUSI_with_GT/Dataset_BUSI_with_GT/malignant/malignant (79)_mask.png
Dataset_BUSI_with_GT/Dataset_BUSI_with_GT/malignant/malignant (69).png,Dataset_BUSI_with_GT/Dataset_BUSI_with_GT/malignant/malignant (69)_mask.png
Dataset_BUSI_with_GT/Dataset_BUSI_with_GT/benign/benign (18).png,Dataset_BUSI_with_GT/Dataset_BUSI_with_GT/benign/benign (18)_mask.png
Dataset_BUSI_with_GT/Dataset_BUSI_with_GT/benign/benign (250).png,Dataset_BUSI_with_GT/Dataset_BUSI_with_GT/benign/benign (250)_mask.png
Dataset_BUSI_with_GT/Dataset_BUSI_with_GT/benign/benign (102).png,Dataset_BUSI_with_GT/Dataset_BUSI_with_GT/benign/benign (102)_mask.png
Dataset_BUSI_with_GT/Dataset_BUSI_with_GT/malignant/malignant (67).png,Dataset_BUSI_with_GT/Dataset_BUSI_with_GT/malignant/malignant (67)_mask.png
Dataset_BUSI_with_GT/Dataset_BUSI_with_GT/benign/benign (68).png,Dataset_BUSI_with_GT/Dataset_BUSI_with_GT/benign/benign (68)_mask.png
Dataset_BUSI_with_GT/Dataset_BUSI_with_GT/benign/benign (418).png,Dataset_BUSI_with_GT/Dataset_BUSI_with_GT/benign/benign (418)_mask.png
Dataset_BUSI_with_GT/Dataset_BUSI_with_GT/benign/benign (131).png,Dataset_BUSI_with_GT/Dataset_BUSI_with_GT/benign/benign (131)_mask.png
Dataset_BUSI_with_GT/Dataset_BUSI_with_GT/benign/benign (154).png,Dataset_BUSI_with_GT/Dataset_BUSI_with_GT/benign/benign (154)_mask.png
Dataset_BUSI_with_GT/Dataset_BUSI_with_GT/malignant/malignant (146).png,Dataset_BUSI_with_GT/Dataset_BUSI_with_GT/malignant/malignant (146)_mask.png
Dataset_BUSI_with_GT/Dataset_BUSI_with_GT/benign/benign (203).png,Dataset_BUSI_with_GT/Dataset_BUSI_with_GT/benign/benign (203)_mask.png
Dataset_BUSI_with_GT/Dataset_BUSI_with_GT/benign/benign (285).png,Dataset_BUSI_with_GT/Dataset_BUSI_with_GT/benign/benign (285)_mask.png
Dataset_BUSI_with_GT/Dataset_BUSI_with_GT/benign/benign (317).png,Dataset_BUSI_with_GT/Dataset_BUSI_with_GT/benign/benign (317)_mask.png
Dataset_BUSI_with_GT/Dataset_BUSI_with_GT/benign/benign (182).png,Dataset_BUSI_with_GT/Dataset_BUSI_with_GT/benign/benign (182)_mask.png
Dataset_BUSI_with_GT/Dataset_BUSI_with_GT/benign/benign (242).png,Dataset_BUSI_with_GT/Dataset_BUSI_with_GT/benign/benign (242)_mask.png
Dataset_BUSI_with_GT/Dataset_BUSI_with_GT/benign/benign (310).png,Dataset_BUSI_with_GT/Dataset_BUSI_with_GT/benign/benign (310)_mask.png
Dataset_BUSI_with_GT/Dataset_BUSI_with_GT/malignant/malignant (153).png,Dataset_BUSI_with_GT/Dataset_BUSI_with_GT/malignant/malignant (153)_mask.png
Dataset_BUSI_with_GT/Dataset_BUSI_with_GT/malignant/malignant (42).png,Dataset_BUSI_with_GT/Dataset_BUSI_with_GT/malignant/malignant (42)_mask.png
Dataset_BUSI_with_GT/Dataset_BUSI_with_GT/malignant/malignant (119).png,Dataset_BUSI_with_GT/Dataset_BUSI_with_GT/malignant/malignant (119)_mask.png
Dataset_BUSI_with_GT/Dataset_BUSI_with_GT/malignant/malignant (36).png,Dataset_BUSI_with_GT/Dataset_BUSI_with_GT/malignant/malignant (36)_mask.png
Dataset_BUSI_with_GT/Dataset_BUSI_with_GT/malignant/malignant (114).png,Dataset_BUSI_with_GT/Dataset_BUSI_with_GT/malignant/malignant (114)_mask.png
Dataset_BUSI_with_GT/Dataset_BUSI_with_GT/malignant/malignant (140).png,Dataset_BUSI_with_GT/Dataset_BUSI_with_GT/malignant/malignant (140)_mask.png
Dataset_BUSI_with_GT/Dataset_BUSI_with_GT/benign/benign (421).png,Dataset_BUSI_with_GT/Dataset_BUSI_with_GT/benign/benign (421)_mask.png
Dataset_BUSI_with_GT/Dataset_BUSI_with_GT/benign/benign (420).png,Dataset_BUSI_with_GT/Dataset_BUSI_with_GT/benign/benign (420)_mask.png
Dataset_BUSI_with_GT/Dataset_BUSI_with_GT/malignant/malignant (87).png,Dataset_BUSI_with_GT/Dataset_BUSI_with_GT/malignant/malignant (87)_mask.png
Dataset_BUSI_with_GT/Dataset_BUSI_with_GT/benign/benign (238).png,Dataset_BUSI_with_GT/Dataset_BUSI_with_GT/benign/benign (238)_mask.png
Dataset_BUSI_with_GT/Dataset_BUSI_with_GT/benign/benign (301).png,Dataset_BUSI_with_GT/Dataset_BUSI_with_GT/benign/benign (301)_mask.png
Dataset_BUSI_with_GT/Dataset_BUSI_with_GT/benign/benign (268).png,Dataset_BUSI_with_GT/Dataset_BUSI_with_GT/benign/benign (268)_mask.png
Dataset_BUSI_with_GT/Dataset_BUSI_with_GT/benign/benign (433).png,Dataset_BUSI_with_GT/Dataset_BUSI_with_GT/benign/benign (433)_mask.png
Dataset_BUSI_with_GT/Dataset_BUSI_with_GT/benign/benign (331).png,Dataset_BUSI_with_GT/Dataset_BUSI_with_GT/benign/benign (331)_mask.png
Dataset_BUSI_with_GT/Dataset_BUSI_with_GT/malignant/malignant (32).png,Dataset_BUSI_with_GT/Dataset_BUSI_with_GT/malignant/malignant (32)_mask.png
Dataset_BUSI_with_GT/Dataset_BUSI_with_GT/benign/benign (208).png,Dataset_BUSI_with_GT/Dataset_BUSI_with_GT/benign/benign (208)_mask.png
Dataset_BUSI_with_GT/Dataset_BUSI_with_GT/malignant/malignant (89).png,Dataset_BUSI_with_GT/Dataset_BUSI_with_GT/malignant/malignant (89)_mask.png
Dataset_BUSI_with_GT/Dataset_BUSI_with_GT/benign/benign (160).png,Dataset_BUSI_with_GT/Dataset_BUSI_with_GT/benign/benign (160)_mask.png
Dataset_BUSI_with_GT/Dataset_BUSI_with_GT/benign/benign (209).png,Dataset_BUSI_with_GT/Dataset_BUSI_with_GT/benign/benign (209)_mask.png
Dataset_BUSI_with_GT/Dataset_BUSI_with_GT/benign/benign (261).png,Dataset_BUSI_with_GT/Dataset_BUSI_with_GT/benign/benign (261)_mask.png
Dataset_BUSI_with_GT/Dataset_BUSI_with_GT/benign/benign (67).png,Dataset_BUSI_with_GT/Dataset_BUSI_with_GT/benign/benign (67)_mask.png
Dataset_BUSI_with_GT/Dataset_BUSI_with_GT/benign/benign (49).png,Dataset_BUSI_with_GT/Dataset_BUSI_with_GT/benign/benign (49)_mask.png
Dataset_BUSI_with_GT/Dataset_BUSI_with_GT/benign/benign (112).png,Dataset_BUSI_with_GT/Dataset_BUSI_with_GT/benign/benign (112)_mask.png
Dataset_BUSI_with_GT/Dataset_BUSI_with_GT/malignant/malignant (26).png,Dataset_BUSI_with_GT/Dataset_BUSI_with_GT/malignant/malignant (26)_mask.png
Dataset_BUSI_with_GT/Dataset_BUSI_with_GT/benign/benign (412).png,Dataset_BUSI_with_GT/Dataset_BUSI_with_GT/benign/benign (412)_mask.png
Dataset_BUSI_with_GT/Dataset_BUSI_with_GT/benign/benign (53).png,Dataset_BUSI_with_GT/Dataset_BUSI_with_GT/benign/benign (53)_mask.png
Dataset_BUSI_with_GT/Dataset_BUSI_with_GT/benign/benign (98).png,Dataset_BUSI_with_GT/Dataset_BUSI_with_GT/benign/benign (98)merged_mask.png
Dataset_BUSI_with_GT/Dataset_BUSI_with_GT/malignant/malignant (127).png,Dataset_BUSI_with_GT/Dataset_BUSI_with_GT/malignant/malignant (127)_mask.png
Dataset_BUSI_with_GT/Dataset_BUSI_with_GT/benign/benign (207).png,Dataset_BUSI_with_GT/Dataset_BUSI_with_GT/benign/benign (207)_mask.png
Dataset_BUSI_with_GT/Dataset_BUSI_with_GT/benign/benign (314).png,Dataset_BUSI_with_GT/Dataset_BUSI_with_GT/benign/benign (314)_mask.png
Dataset_BUSI_with_GT/Dataset_BUSI_with_GT/benign/benign (106).png,Dataset_BUSI_with_GT/Dataset_BUSI_with_GT/benign/benign (106)_mask.png
Dataset_BUSI_with_GT/Dataset_BUSI_with_GT/benign/benign (176).png,Dataset_BUSI_with_GT/Dataset_BUSI_with_GT/benign/benign (176)_mask.png
Dataset_BUSI_with_GT/Dataset_BUSI_with_GT/malignant/malignant (176).png,Dataset_BUSI_with_GT/Dataset_BUSI_with_GT/malignant/malignant (176)_mask.png
Dataset_BUSI_with_GT/Dataset_BUSI_with_GT/benign/benign (281).png,Dataset_BUSI_with_GT/Dataset_BUSI_with_GT/benign/benign (281)_mask.png
Dataset_BUSI_with_GT/Dataset_BUSI_with_GT/malignant/malignant (18).png,Dataset_BUSI_with_GT/Dataset_BUSI_with_GT/malignant/malignant (18)_mask.png
Dataset_BUSI_with_GT/Dataset_BUSI_with_GT/benign/benign (210).png,Dataset_BUSI_with_GT/Dataset_BUSI_with_GT/benign/benign (210)_mask.png
Dataset_BUSI_with_GT/Dataset_BUSI_with_GT/benign/benign (8).png,Dataset_BUSI_with_GT/Dataset_BUSI_with_GT/benign/benign (8)_mask.png
Dataset_BUSI_with_GT/Dataset_BUSI_with_GT/malignant/malignant (25).png,Dataset_BUSI_with_GT/Dataset_BUSI_with_GT/malignant/malignant (25)_mask.png
Dataset_BUSI_with_GT/Dataset_BUSI_with_GT/benign/benign (13).png,Dataset_BUSI_with_GT/Dataset_BUSI_with_GT/benign/benign (13)_mask.png
Dataset_BUSI_with_GT/Dataset_BUSI_with_GT/benign/benign (422).png,Dataset_BUSI_with_GT/Dataset_BUSI_with_GT/benign/benign (422)_mask.png
Dataset_BUSI_with_GT/Dataset_BUSI_with_GT/benign/benign (263).png,Dataset_BUSI_with_GT/Dataset_BUSI_with_GT/benign/benign (263)_mask.png
Dataset_BUSI_with_GT/Dataset_BUSI_with_GT/malignant/malignant (148).png,Dataset_BUSI_with_GT/Dataset_BUSI_with_GT/malignant/malignant (148)_mask.png
Dataset_BUSI_with_GT/Dataset_BUSI_with_GT/malignant/malignant (50).png,Dataset_BUSI_with_GT/Dataset_BUSI_with_GT/malignant/malignant (50)_mask.png
Dataset_BUSI_with_GT/Dataset_BUSI_with_GT/benign/benign (96).png,Dataset_BUSI_with_GT/Dataset_BUSI_with_GT/benign/benign (96)_mask.png
Dataset_BUSI_with_GT/Dataset_BUSI_with_GT/malignant/malignant (82).png,Dataset_BUSI_with_GT/Dataset_BUSI_with_GT/malignant/malignant (82)_mask.png
Dataset_BUSI_with_GT/Dataset_BUSI_with_GT/benign/benign (334).png,Dataset_BUSI_with_GT/Dataset_BUSI_with_GT/benign/benign (334)_mask.png
Dataset_BUSI_with_GT/Dataset_BUSI_with_GT/benign/benign (213).png,Dataset_BUSI_with_GT/Dataset_BUSI_with_GT/benign/benign (213)_mask.png
Dataset_BUSI_with_GT/Dataset_BUSI_with_GT/malignant/malignant (142).png,Dataset_BUSI_with_GT/Dataset_BUSI_with_GT/malignant/malignant (142)_mask.png
Dataset_BUSI_with_GT/Dataset_BUSI_with_GT/benign/benign (79).png,Dataset_BUSI_with_GT/Dataset_BUSI_with_GT/benign/benign (79)_mask.png
Dataset_BUSI_with_GT/Dataset_BUSI_with_GT/malignant/malignant (110).png,Dataset_BUSI_with_GT/Dataset_BUSI_with_GT/malignant/malignant (110)_mask.png
Dataset_BUSI_with_GT/Dataset_BUSI_with_GT/malignant/malignant (123).png,Dataset_BUSI_with_GT/Dataset_BUSI_with_GT/malignant/malignant (123)_mask.png
Dataset_BUSI_with_GT/Dataset_BUSI_with_GT/benign/benign (124).png,Dataset_BUSI_with_GT/Dataset_BUSI_with_GT/benign/benign (124)_mask.png
Dataset_BUSI_with_GT/Dataset_BUSI_with_GT/benign/benign (237).png,Dataset_BUSI_with_GT/Dataset_BUSI_with_GT/benign/benign (237)_mask.png
Dataset_BUSI_with_GT/Dataset_BUSI_with_GT/benign/benign (75).png,Dataset_BUSI_with_GT/Dataset_BUSI_with_GT/benign/benign (75)_mask.png
Dataset_BUSI_with_GT/Dataset_BUSI_with_GT/benign/benign (370).png,Dataset_BUSI_with_GT/Dataset_BUSI_with_GT/benign/benign (370)_mask.png
Dataset_BUSI_with_GT/Dataset_BUSI_with_GT/malignant/malignant (174).png,Dataset_BUSI_with_GT/Dataset_BUSI_with_GT/malignant/malignant (174)_mask.png
Dataset_BUSI_with_GT/Dataset_BUSI_with_GT/benign/benign (41).png,Dataset_BUSI_with_GT/Dataset_BUSI_with_GT/benign/benign (41)_mask.png
Dataset_BUSI_with_GT/Dataset_BUSI_with_GT/benign/benign (264).png,Dataset_BUSI_with_GT/Dataset_BUSI_with_GT/benign/benign (264)_mask.png
Dataset_BUSI_with_GT/Dataset_BUSI_with_GT/benign/benign (40).png,Dataset_BUSI_with_GT/Dataset_BUSI_with_GT/benign/benign (40)_mask.png
Dataset_BUSI_with_GT/Dataset_BUSI_with_GT/benign/benign (292).png,Dataset_BUSI_with_GT/Dataset_BUSI_with_GT/benign/benign (292)_mask.png
Dataset_BUSI_with_GT/Dataset_BUSI_with_GT/benign/benign (206).png,Dataset_BUSI_with_GT/Dataset_BUSI_with_GT/benign/benign (206)_mask.png
Dataset_BUSI_with_GT/Dataset_BUSI_with_GT/malignant/malignant (24).png,Dataset_BUSI_with_GT/Dataset_BUSI_with_GT/malignant/malignant (24)_mask.png
Dataset_BUSI_with_GT/Dataset_BUSI_with_GT/benign/benign (326).png,Dataset_BUSI_with_GT/Dataset_BUSI_with_GT/benign/benign (326)_mask.png
Dataset_BUSI_with_GT/Dataset_BUSI_with_GT/malignant/malignant (137).png,Dataset_BUSI_with_GT/Dataset_BUSI_with_GT/malignant/malignant (137)_mask.png
Dataset_BUSI_with_GT/Dataset_BUSI_with_GT/benign/benign (252).png,Dataset_BUSI_with_GT/Dataset_BUSI_with_GT/benign/benign (252)_mask.png
Dataset_BUSI_with_GT/Dataset_BUSI_with_GT/malignant/malignant (131).png,Dataset_BUSI_with_GT/Dataset_BUSI_with_GT/malignant/malignant (131)_mask.png
Dataset_BUSI_with_GT/Dataset_BUSI_with_GT/malignant/malignant (194).png,Dataset_BUSI_with_GT/Dataset_BUSI_with_GT/malignant/malignant (194)_mask.png
Dataset_BUSI_with_GT/Dataset_BUSI_with_GT/malignant/malignant (198).png,Dataset_BUSI_with_GT/Dataset_BUSI_with_GT/malignant/malignant (198)_mask.png
Dataset_BUSI_with_GT/Dataset_BUSI_with_GT/benign/benign (398).png,Dataset_BUSI_with_GT/Dataset_BUSI_with_GT/benign/benign (398)_mask.png
Dataset_BUSI_with_GT/Dataset_BUSI_with_GT/malignant/malignant (39).png,Dataset_BUSI_with_GT/Dataset_BUSI_with_GT/malignant/malignant (39)_mask.png
Dataset_BUSI_with_GT/Dataset_BUSI_with_GT/benign/benign (291).png,Dataset_BUSI_with_GT/Dataset_BUSI_with_GT/benign/benign (291)_mask.png
Dataset_BUSI_with_GT/Dataset_BUSI_with_GT/malignant/malignant (170).png,Dataset_BUSI_with_GT/Dataset_BUSI_with_GT/malignant/malignant (170)_mask.png
Dataset_BUSI_with_GT/Dataset_BUSI_with_GT/benign/benign (170).png,Dataset_BUSI_with_GT/Dataset_BUSI_with_GT/benign/benign (170)_mask.png
Dataset_BUSI_with_GT/Dataset_BUSI_with_GT/benign/benign (354).png,Dataset_BUSI_with_GT/Dataset_BUSI_with_GT/benign/benign (354)_mask.png
Dataset_BUSI_with_GT/Dataset_BUSI_with_GT/malignant/malignant (52).png,Dataset_BUSI_with_GT/Dataset_BUSI_with_GT/malignant/malignant (52)_mask.png
Dataset_BUSI_with_GT/Dataset_BUSI_with_GT/benign/benign (71).png,Dataset_BUSI_with_GT/Dataset_BUSI_with_GT/benign/benign (71)_mask.png
Dataset_BUSI_with_GT/Dataset_BUSI_with_GT/benign/benign (396).png,Dataset_BUSI_with_GT/Dataset_BUSI_with_GT/benign/benign (396)_mask.png
Dataset_BUSI_with_GT/Dataset_BUSI_with_GT/benign/benign (169).png,Dataset_BUSI_with_GT/Dataset_BUSI_with_GT/benign/benign (169)_mask.png
Dataset_BUSI_with_GT/Dataset_BUSI_with_GT/benign/benign (357).png,Dataset_BUSI_with_GT/Dataset_BUSI_with_GT/benign/benign (357)_mask.png
Dataset_BUSI_with_GT/Dataset_BUSI_with_GT/benign/benign (436).png,Dataset_BUSI_with_GT/Dataset_BUSI_with_GT/benign/benign (436)_mask.png
Dataset_BUSI_with_GT/Dataset_BUSI_with_GT/malignant/malignant (155).png,Dataset_BUSI_with_GT/Dataset_BUSI_with_GT/malignant/malignant (155)_mask.png
Dataset_BUSI_with_GT/Dataset_BUSI_with_GT/benign/benign (61).png,Dataset_BUSI_with_GT/Dataset_BUSI_with_GT/benign/benign (61)_mask.png
Dataset_BUSI_with_GT/Dataset_BUSI_with_GT/benign/benign (397).png,Dataset_BUSI_with_GT/Dataset_BUSI_with_GT/benign/benign (397)_mask.png
Dataset_BUSI_with_GT/Dataset_BUSI_with_GT/benign/benign (382).png,Dataset_BUSI_with_GT/Dataset_BUSI_with_GT/benign/benign (382)_mask.png
Dataset_BUSI_with_GT/Dataset_BUSI_with_GT/benign/benign (393).png,Dataset_BUSI_with_GT/Dataset_BUSI_with_GT/benign/benign (393)_mask.png
Dataset_BUSI_with_GT/Dataset_BUSI_with_GT/benign/benign (346).png,Dataset_BUSI_with_GT/Dataset_BUSI_with_GT/benign/benign (346)merged_mask.png
Dataset_BUSI_with_GT/Dataset_BUSI_with_GT/malignant/malignant (157).png,Dataset_BUSI_with_GT/Dataset_BUSI_with_GT/malignant/malignant (157)_mask.png
Dataset_BUSI_with_GT/Dataset_BUSI_with_GT/benign/benign (77).png,Dataset_BUSI_with_GT/Dataset_BUSI_with_GT/benign/benign (77)_mask.png
Dataset_BUSI_with_GT/Dataset_BUSI_with_GT/malignant/malignant (192).png,Dataset_BUSI_with_GT/Dataset_BUSI_with_GT/malignant/malignant (192)_mask.png
Dataset_BUSI_with_GT/Dataset_BUSI_with_GT/benign/benign (320).png,Dataset_BUSI_with_GT/Dataset_BUSI_with_GT/benign/benign (320)_mask.png
Dataset_BUSI_with_GT/Dataset_BUSI_with_GT/malignant/malignant (193).png,Dataset_BUSI_with_GT/Dataset_BUSI_with_GT/malignant/malignant (193)_mask.png
Dataset_BUSI_with_GT/Dataset_BUSI_with_GT/benign/benign (233).png,Dataset_BUSI_with_GT/Dataset_BUSI_with_GT/benign/benign (233)_mask.png
Dataset_BUSI_with_GT/Dataset_BUSI_with_GT/malignant/malignant (54).png,Dataset_BUSI_with_GT/Dataset_BUSI_with_GT/malignant/malignant (54)_mask.png
Dataset_BUSI_with_GT/Dataset_BUSI_with_GT/benign/benign (287).png,Dataset_BUSI_with_GT/Dataset_BUSI_with_GT/benign/benign (287)_mask.png
Dataset_BUSI_with_GT/Dataset_BUSI_with_GT/benign/benign (110).png,Dataset_BUSI_with_GT/Dataset_BUSI_with_GT/benign/benign (110)_mask.png
Dataset_BUSI_with_GT/Dataset_BUSI_with_GT/benign/benign (28).png,Dataset_BUSI_with_GT/Dataset_BUSI_with_GT/benign/benign (28)_mask.png
Dataset_BUSI_with_GT/Dataset_BUSI_with_GT/benign/benign (200).png,Dataset_BUSI_with_GT/Dataset_BUSI_with_GT/benign/benign (200)_mask.png
Dataset_BUSI_with_GT/Dataset_BUSI_with_GT/benign/benign (235).png,Dataset_BUSI_with_GT/Dataset_BUSI_with_GT/benign/benign (235)_mask.png
Dataset_BUSI_with_GT/Dataset_BUSI_with_GT/benign/benign (166).png,Dataset_BUSI_with_GT/Dataset_BUSI_with_GT/benign/benign (166)_mask.png
Dataset_BUSI_with_GT/Dataset_BUSI_with_GT/malignant/malignant (124).png,Dataset_BUSI_with_GT/Dataset_BUSI_with_GT/malignant/malignant (124)_mask.png
Dataset_BUSI_with_GT/Dataset_BUSI_with_GT/benign/benign (247).png,Dataset_BUSI_with_GT/Dataset_BUSI_with_GT/benign/benign (247)_mask.png
Dataset_BUSI_with_GT/Dataset_BUSI_with_GT/benign/benign (312).png,Dataset_BUSI_with_GT/Dataset_BUSI_with_GT/benign/benign (312)_mask.png
Dataset_BUSI_with_GT/Dataset_BUSI_with_GT/benign/benign (151).png,Dataset_BUSI_with_GT/Dataset_BUSI_with_GT/benign/benign (151)_mask.png
Dataset_BUSI_with_GT/Dataset_BUSI_with_GT/benign/benign (120).png,Dataset_BUSI_with_GT/Dataset_BUSI_with_GT/benign/benign (120)_mask.png
Dataset_BUSI_with_GT/Dataset_BUSI_with_GT/benign/benign (257).png,Dataset_BUSI_with_GT/Dataset_BUSI_with_GT/benign/benign (257)_mask.png
Dataset_BUSI_with_GT/Dataset_BUSI_with_GT/malignant/malignant (22).png,Dataset_BUSI_with_GT/Dataset_BUSI_with_GT/malignant/malignant (22)_mask.png
Dataset_BUSI_with_GT/Dataset_BUSI_with_GT/malignant/malignant (66).png,Dataset_BUSI_with_GT/Dataset_BUSI_with_GT/malignant/malignant (66)_mask.png
Dataset_BUSI_with_GT/Dataset_BUSI_with_GT/malignant/malignant (98).png,Dataset_BUSI_with_GT/Dataset_BUSI_with_GT/malignant/malignant (98)_mask.png
Dataset_BUSI_with_GT/Dataset_BUSI_with_GT/benign/benign (408).png,Dataset_BUSI_with_GT/Dataset_BUSI_with_GT/benign/benign (408)_mask.png
Dataset_BUSI_with_GT/Dataset_BUSI_with_GT/benign/benign (114).png,Dataset_BUSI_with_GT/Dataset_BUSI_with_GT/benign/benign (114)_mask.png
Dataset_BUSI_with_GT/Dataset_BUSI_with_GT/benign/benign (56).png,Dataset_BUSI_with_GT/Dataset_BUSI_with_GT/benign/benign (56)_mask.png
Dataset_BUSI_with_GT/Dataset_BUSI_with_GT/benign/benign (403).png,Dataset_BUSI_with_GT/Dataset_BUSI_with_GT/benign/benign (403)_mask.png
Dataset_BUSI_with_GT/Dataset_BUSI_with_GT/benign/benign (29).png,Dataset_BUSI_with_GT/Dataset_BUSI_with_GT/benign/benign (29)_mask.png
Dataset_BUSI_with_GT/Dataset_BUSI_with_GT/benign/benign (72).png,Dataset_BUSI_with_GT/Dataset_BUSI_with_GT/benign/benign (72)_mask.png
Dataset_BUSI_with_GT/Dataset_BUSI_with_GT/benign/benign (329).png,Dataset_BUSI_with_GT/Dataset_BUSI_with_GT/benign/benign (329)_mask.png
Dataset_BUSI_with_GT/Dataset_BUSI_with_GT/benign/benign (395).png,Dataset_BUSI_with_GT/Dataset_BUSI_with_GT/benign/benign (395)_mask.png
Dataset_BUSI_with_GT/Dataset_BUSI_with_GT/malignant/malignant (183).png,Dataset_BUSI_with_GT/Dataset_BUSI_with_GT/malignant/malignant (183)_mask.png
Dataset_BUSI_with_GT/Dataset_BUSI_with_GT/malignant/malignant (103).png,Dataset_BUSI_with_GT/Dataset_BUSI_with_GT/malignant/malignant (103)_mask.png
Dataset_BUSI_with_GT/Dataset_BUSI_with_GT/benign/benign (399).png,Dataset_BUSI_with_GT/Dataset_BUSI_with_GT/benign/benign (399)_mask.png
Dataset_BUSI_with_GT/Dataset_BUSI_with_GT/benign/benign (411).png,Dataset_BUSI_with_GT/Dataset_BUSI_with_GT/benign/benign (411)_mask.png
Dataset_BUSI_with_GT/Dataset_BUSI_with_GT/malignant/malignant (44).png,Dataset_BUSI_with_GT/Dataset_BUSI_with_GT/malignant/malignant (44)_mask.png
Dataset_BUSI_with_GT/Dataset_BUSI_with_GT/benign/benign (231).png,Dataset_BUSI_with_GT/Dataset_BUSI_with_GT/benign/benign (231)_mask.png
Dataset_BUSI_with_GT/Dataset_BUSI_with_GT/malignant/malignant (200).png,Dataset_BUSI_with_GT/Dataset_BUSI_with_GT/malignant/malignant (200)_mask.png
Dataset_BUSI_with_GT/Dataset_BUSI_with_GT/benign/benign (204).png,Dataset_BUSI_with_GT/Dataset_BUSI_with_GT/benign/benign (204)_mask.png
Dataset_BUSI_with_GT/Dataset_BUSI_with_GT/malignant/malignant (168).png,Dataset_BUSI_with_GT/Dataset_BUSI_with_GT/malignant/malignant (168)_mask.png
Dataset_BUSI_with_GT/Dataset_BUSI_with_GT/benign/benign (123).png,Dataset_BUSI_with_GT/Dataset_BUSI_with_GT/benign/benign (123)_mask.png
Dataset_BUSI_with_GT/Dataset_BUSI_with_GT/benign/benign (14).png,Dataset_BUSI_with_GT/Dataset_BUSI_with_GT/benign/benign (14)_mask.png
Dataset_BUSI_with_GT/Dataset_BUSI_with_GT/malignant/malignant (197).png,Dataset_BUSI_with_GT/Dataset_BUSI_with_GT/malignant/malignant (197)_mask.png
Dataset_BUSI_with_GT/Dataset_BUSI_with_GT/benign/benign (364).png,Dataset_BUSI_with_GT/Dataset_BUSI_with_GT/benign/benign (364)_mask.png
Dataset_BUSI_with_GT/Dataset_BUSI_with_GT/malignant/malignant (64).png,Dataset_BUSI_with_GT/Dataset_BUSI_with_GT/malignant/malignant (64)_mask.png
Dataset_BUSI_with_GT/Dataset_BUSI_with_GT/malignant/malignant (160).png,Dataset_BUSI_with_GT/Dataset_BUSI_with_GT/malignant/malignant (160)_mask.png
Dataset_BUSI_with_GT/Dataset_BUSI_with_GT/benign/benign (7).png,Dataset_BUSI_with_GT/Dataset_BUSI_with_GT/benign/benign (7)_mask.png
Dataset_BUSI_with_GT/Dataset_BUSI_with_GT/malignant/malignant (121).png,Dataset_BUSI_with_GT/Dataset_BUSI_with_GT/malignant/malignant (121)_mask.png
Dataset_BUSI_with_GT/Dataset_BUSI_with_GT/malignant/malignant (210).png,Dataset_BUSI_with_GT/Dataset_BUSI_with_GT/malignant/malignant (210)_mask.png
Dataset_BUSI_with_GT/Dataset_BUSI_with_GT/benign/benign (1).png,Dataset_BUSI_with_GT/Dataset_BUSI_with_GT/benign/benign (1)_mask.png
Dataset_BUSI_with_GT/Dataset_BUSI_with_GT/benign/benign (388).png,Dataset_BUSI_with_GT/Dataset_BUSI_with_GT/benign/benign (388)_mask.png
Dataset_BUSI_with_GT/Dataset_BUSI_with_GT/malignant/malignant (117).png,Dataset_BUSI_with_GT/Dataset_BUSI_with_GT/malignant/malignant (117)_mask.png
Dataset_BUSI_with_GT/Dataset_BUSI_with_GT/benign/benign (269).png,Dataset_BUSI_with_GT/Dataset_BUSI_with_GT/benign/benign (269)_mask.png
Dataset_BUSI_with_GT/Dataset_BUSI_with_GT/benign/benign (377).png,Dataset_BUSI_with_GT/Dataset_BUSI_with_GT/benign/benign (377)_mask.png
Dataset_BUSI_with_GT/Dataset_BUSI_with_GT/malignant/malignant (65).png,Dataset_BUSI_with_GT/Dataset_BUSI_with_GT/malignant/malignant (65)_mask.png
Dataset_BUSI_with_GT/Dataset_BUSI_with_GT/malignant/malignant (31).png,Dataset_BUSI_with_GT/Dataset_BUSI_with_GT/malignant/malignant (31)_mask.png
Dataset_BUSI_with_GT/Dataset_BUSI_with_GT/benign/benign (328).png,Dataset_BUSI_with_GT/Dataset_BUSI_with_GT/benign/benign (328)_mask.png
Dataset_BUSI_with_GT/Dataset_BUSI_with_GT/benign/benign (225).png,Dataset_BUSI_with_GT/Dataset_BUSI_with_GT/benign/benign (225)_mask.png
Dataset_BUSI_with_GT/Dataset_BUSI_with_GT/malignant/malignant (77).png,Dataset_BUSI_with_GT/Dataset_BUSI_with_GT/malignant/malignant (77)_mask.png
Dataset_BUSI_with_GT/Dataset_BUSI_with_GT/benign/benign (162).png,Dataset_BUSI_with_GT/Dataset_BUSI_with_GT/benign/benign (162)_mask.png
Dataset_BUSI_with_GT/Dataset_BUSI_with_GT/benign/benign (50).png,Dataset_BUSI_with_GT/Dataset_BUSI_with_GT/benign/benign (50)_mask.png
Dataset_BUSI_with_GT/Dataset_BUSI_with_GT/malignant/malignant (129).png,Dataset_BUSI_with_GT/Dataset_BUSI_with_GT/malignant/malignant (129)_mask.png
Dataset_BUSI_with_GT/Dataset_BUSI_with_GT/benign/benign (34).png,Dataset_BUSI_with_GT/Dataset_BUSI_with_GT/benign/benign (34)_mask.png
Dataset_BUSI_with_GT/Dataset_BUSI_with_GT/benign/benign (227).png,Dataset_BUSI_with_GT/Dataset_BUSI_with_GT/benign/benign (227)_mask.png
Dataset_BUSI_with_GT/Dataset_BUSI_with_GT/benign/benign (157).png,Dataset_BUSI_with_GT/Dataset_BUSI_with_GT/benign/benign (157)_mask.png
Dataset_BUSI_with_GT/Dataset_BUSI_with_GT/benign/benign (426).png,Dataset_BUSI_with_GT/Dataset_BUSI_with_GT/benign/benign (426)_mask.png
Dataset_BUSI_with_GT/Dataset_BUSI_with_GT/malignant/malignant (106).png,Dataset_BUSI_with_GT/Dataset_BUSI_with_GT/malignant/malignant (106)_mask.png
Dataset_BUSI_with_GT/Dataset_BUSI_with_GT/malignant/malignant (172).png,Dataset_BUSI_with_GT/Dataset_BUSI_with_GT/malignant/malignant (172)_mask.png
Dataset_BUSI_with_GT/Dataset_BUSI_with_GT/benign/benign (316).png,Dataset_BUSI_with_GT/Dataset_BUSI_with_GT/benign/benign (316)_mask.png
Dataset_BUSI_with_GT/Dataset_BUSI_with_GT/benign/benign (181).png,Dataset_BUSI_with_GT/Dataset_BUSI_with_GT/benign/benign (181)merged_mask.png
Dataset_BUSI_with_GT/Dataset_BUSI_with_GT/benign/benign (60).png,Dataset_BUSI_with_GT/Dataset_BUSI_with_GT/benign/benign (60)_mask.png
Dataset_BUSI_with_GT/Dataset_BUSI_with_GT/malignant/malignant (8).png,Dataset_BUSI_with_GT/Dataset_BUSI_with_GT/malignant/malignant (8)_mask.png
Dataset_BUSI_with_GT/Dataset_BUSI_with_GT/malignant/malignant (109).png,Dataset_BUSI_with_GT/Dataset_BUSI_with_GT/malignant/malignant (109)_mask.png
Dataset_BUSI_with_GT/Dataset_BUSI_with_GT/benign/benign (351).png,Dataset_BUSI_with_GT/Dataset_BUSI_with_GT/benign/benign (351)_mask.png
Dataset_BUSI_with_GT/Dataset_BUSI_with_GT/malignant/malignant (112).png,Dataset_BUSI_with_GT/Dataset_BUSI_with_GT/malignant/malignant (112)_mask.png
Dataset_BUSI_with_GT/Dataset_BUSI_with_GT/malignant/malignant (165).png,Dataset_BUSI_with_GT/Dataset_BUSI_with_GT/malignant/malignant (165)_mask.png
Dataset_BUSI_with_GT/Dataset_BUSI_with_GT/benign/benign (305).png,Dataset_BUSI_with_GT/Dataset_BUSI_with_GT/benign/benign (305)_mask.png
Dataset_BUSI_with_GT/Dataset_BUSI_with_GT/malignant/malignant (125).png,Dataset_BUSI_with_GT/Dataset_BUSI_with_GT/malignant/malignant (125)_mask.png
Dataset_BUSI_with_GT/Dataset_BUSI_with_GT/malignant/malignant (83).png,Dataset_BUSI_with_GT/Dataset_BUSI_with_GT/malignant/malignant (83)_mask.png
Dataset_BUSI_with_GT/Dataset_BUSI_with_GT/benign/benign (58).png,Dataset_BUSI_with_GT/Dataset_BUSI_with_GT/benign/benign (58)merged_mask.png
Dataset_BUSI_with_GT/Dataset_BUSI_with_GT/benign/benign (342).png,Dataset_BUSI_with_GT/Dataset_BUSI_with_GT/benign/benign (342)_mask.png
Dataset_BUSI_with_GT/Dataset_BUSI_with_GT/benign/benign (152).png,Dataset_BUSI_with_GT/Dataset_BUSI_with_GT/benign/benign (152)_mask.png
Dataset_BUSI_with_GT/Dataset_BUSI_with_GT/benign/benign (390).png,Dataset_BUSI_with_GT/Dataset_BUSI_with_GT/benign/benign (390)_mask.png
Dataset_BUSI_with_GT/Dataset_BUSI_with_GT/benign/benign (378).png,Dataset_BUSI_with_GT/Dataset_BUSI_with_GT/benign/benign (378)_mask.png
Dataset_BUSI_with_GT/Dataset_BUSI_with_GT/benign/benign (128).png,Dataset_BUSI_with_GT/Dataset_BUSI_with_GT/benign/benign (128)_mask.png
Dataset_BUSI_with_GT/Dataset_BUSI_with_GT/benign/benign (344).png,Dataset_BUSI_with_GT/Dataset_BUSI_with_GT/benign/benign (344)_mask.png
Dataset_BUSI_with_GT/Dataset_BUSI_with_GT/benign/benign (93).png,Dataset_BUSI_with_GT/Dataset_BUSI_with_GT/benign/benign (93)merged_mask.png
Dataset_BUSI_with_GT/Dataset_BUSI_with_GT/benign/benign (387).png,Dataset_BUSI_with_GT/Dataset_BUSI_with_GT/benign/benign (387)_mask.png
Dataset_BUSI_with_GT/Dataset_BUSI_with_GT/malignant/malignant (74).png,Dataset_BUSI_with_GT/Dataset_BUSI_with_GT/malignant/malignant (74)_mask.png
Dataset_BUSI_with_GT/Dataset_BUSI_with_GT/malignant/malignant (33).png,Dataset_BUSI_with_GT/Dataset_BUSI_with_GT/malignant/malignant (33)_mask.png
Dataset_BUSI_with_GT/Dataset_BUSI_with_GT/benign/benign (116).png,Dataset_BUSI_with_GT/Dataset_BUSI_with_GT/benign/benign (116)_mask.png
Dataset_BUSI_with_GT/Dataset_BUSI_with_GT/malignant/malignant (115).png,Dataset_BUSI_with_GT/Dataset_BUSI_with_GT/malignant/malignant (115)_mask.png
Dataset_BUSI_with_GT/Dataset_BUSI_with_GT/malignant/malignant (191).png,Dataset_BUSI_with_GT/Dataset_BUSI_with_GT/malignant/malignant (191)_mask.png
Dataset_BUSI_with_GT/Dataset_BUSI_with_GT/benign/benign (274).png,Dataset_BUSI_with_GT/Dataset_BUSI_with_GT/benign/benign (274)_mask.png
Dataset_BUSI_with_GT/Dataset_BUSI_with_GT/benign/benign (175).png,Dataset_BUSI_with_GT/Dataset_BUSI_with_GT/benign/benign (175)_mask.png
Dataset_BUSI_with_GT/Dataset_BUSI_with_GT/benign/benign (201).png,Dataset_BUSI_with_GT/Dataset_BUSI_with_GT/benign/benign (201)_mask.png
Dataset_BUSI_with_GT/Dataset_BUSI_with_GT/benign/benign (435).png,Dataset_BUSI_with_GT/Dataset_BUSI_with_GT/benign/benign (435)_mask.png
Dataset_BUSI_with_GT/Dataset_BUSI_with_GT/benign/benign (23).png,Dataset_BUSI_with_GT/Dataset_BUSI_with_GT/benign/benign (23)_mask.png
Dataset_BUSI_with_GT/Dataset_BUSI_with_GT/malignant/malignant (94).png,Dataset_BUSI_with_GT/Dataset_BUSI_with_GT/malignant/malignant (94)_mask.png
Dataset_BUSI_with_GT/Dataset_BUSI_with_GT/benign/benign (211).png,Dataset_BUSI_with_GT/Dataset_BUSI_with_GT/benign/benign (211)_mask.png
Dataset_BUSI_with_GT/Dataset_BUSI_with_GT/benign/benign (373).png,Dataset_BUSI_with_GT/Dataset_BUSI_with_GT/benign/benign (373)_mask.png
Dataset_BUSI_with_GT/Dataset_BUSI_with_GT/malignant/malignant (9).png,Dataset_BUSI_with_GT/Dataset_BUSI_with_GT/malignant/malignant (9)_mask.png
Dataset_BUSI_with_GT/Dataset_BUSI_with_GT/malignant/malignant (93).png,Dataset_BUSI_with_GT/Dataset_BUSI_with_GT/malignant/malignant (93)_mask.png
Dataset_BUSI_with_GT/Dataset_BUSI_with_GT/benign/benign (358).png,Dataset_BUSI_with_GT/Dataset_BUSI_with_GT/benign/benign (358)_mask.png
Dataset_BUSI_with_GT/Dataset_BUSI_with_GT/benign/benign (371).png,Dataset_BUSI_with_GT/Dataset_BUSI_with_GT/benign/benign (371)_mask.png
Dataset_BUSI_with_GT/Dataset_BUSI_with_GT/benign/benign (185).png,Dataset_BUSI_with_GT/Dataset_BUSI_with_GT/benign/benign (185)_mask.png
Dataset_BUSI_with_GT/Dataset_BUSI_with_GT/malignant/malignant (201).png,Dataset_BUSI_with_GT/Dataset_BUSI_with_GT/malignant/malignant (201)_mask.png
Dataset_BUSI_with_GT/Dataset_BUSI_with_GT/malignant/malignant (2).png,Dataset_BUSI_with_GT/Dataset_BUSI_with_GT/malignant/malignant (2)_mask.png
Dataset_BUSI_with_GT/Dataset_BUSI_with_GT/benign/benign (82).png,Dataset_BUSI_with_GT/Dataset_BUSI_with_GT/benign/benign (82)_mask.png
Dataset_BUSI_with_GT/Dataset_BUSI_with_GT/malignant/malignant (158).png,Dataset_BUSI_with_GT/Dataset_BUSI_with_GT/malignant/malignant (158)_mask.png
Dataset_BUSI_with_GT/Dataset_BUSI_with_GT/benign/benign (297).png,Dataset_BUSI_with_GT/Dataset_BUSI_with_GT/benign/benign (297)_mask.png
Dataset_BUSI_with_GT/Dataset_BUSI_with_GT/benign/benign (31).png,Dataset_BUSI_with_GT/Dataset_BUSI_with_GT/benign/benign (31)_mask.png
Dataset_BUSI_with_GT/Dataset_BUSI_with_GT/benign/benign (187).png,Dataset_BUSI_with_GT/Dataset_BUSI_with_GT/benign/benign (187)_mask.png
Dataset_BUSI_with_GT/Dataset_BUSI_with_GT/benign/benign (78).png,Dataset_BUSI_with_GT/Dataset_BUSI_with_GT/benign/benign (78)_mask.png
Dataset_BUSI_with_GT/Dataset_BUSI_with_GT/benign/benign (193).png,Dataset_BUSI_with_GT/Dataset_BUSI_with_GT/benign/benign (193)_mask.png
Dataset_BUSI_with_GT/Dataset_BUSI_with_GT/benign/benign (66).png,Dataset_BUSI_with_GT/Dataset_BUSI_with_GT/benign/benign (66)_mask.png
Dataset_BUSI_with_GT/Dataset_BUSI_with_GT/benign/benign (16).png,Dataset_BUSI_with_GT/Dataset_BUSI_with_GT/benign/benign (16)_mask.png
Dataset_BUSI_with_GT/Dataset_BUSI_with_GT/benign/benign (384).png,Dataset_BUSI_with_GT/Dataset_BUSI_with_GT/benign/benign (384)_mask.png
Dataset_BUSI_with_GT/Dataset_BUSI_with_GT/malignant/malignant (173).png,Dataset_BUSI_with_GT/Dataset_BUSI_with_GT/malignant/malignant (173)_mask.png
Dataset_BUSI_with_GT/Dataset_BUSI_with_GT/malignant/malignant (3).png,Dataset_BUSI_with_GT/Dataset_BUSI_with_GT/malignant/malignant (3)_mask.png
Dataset_BUSI_with_GT/Dataset_BUSI_with_GT/benign/benign (401).png,Dataset_BUSI_with_GT/Dataset_BUSI_with_GT/benign/benign (401)_mask.png
Dataset_BUSI_with_GT/Dataset_BUSI_with_GT/malignant/malignant (181).png,Dataset_BUSI_with_GT/Dataset_BUSI_with_GT/malignant/malignant (181)_mask.png
Dataset_BUSI_with_GT/Dataset_BUSI_with_GT/malignant/malignant (5).png,Dataset_BUSI_with_GT/Dataset_BUSI_with_GT/malignant/malignant (5)_mask.png
Dataset_BUSI_with_GT/Dataset_BUSI_with_GT/malignant/malignant (99).png,Dataset_BUSI_with_GT/Dataset_BUSI_with_GT/malignant/malignant (99)_mask.png
Dataset_BUSI_with_GT/Dataset_BUSI_with_GT/malignant/malignant (188).png,Dataset_BUSI_with_GT/Dataset_BUSI_with_GT/malignant/malignant (188)_mask.png
Dataset_BUSI_with_GT/Dataset_BUSI_with_GT/benign/benign (117).png,Dataset_BUSI_with_GT/Dataset_BUSI_with_GT/benign/benign (117)_mask.png
Dataset_BUSI_with_GT/Dataset_BUSI_with_GT/benign/benign (194).png,Dataset_BUSI_with_GT/Dataset_BUSI_with_GT/benign/benign (194)_mask.png
Dataset_BUSI_with_GT/Dataset_BUSI_with_GT/benign/benign (189).png,Dataset_BUSI_with_GT/Dataset_BUSI_with_GT/benign/benign (189)_mask.png
Dataset_BUSI_with_GT/Dataset_BUSI_with_GT/malignant/malignant (57).png,Dataset_BUSI_with_GT/Dataset_BUSI_with_GT/malignant/malignant (57)_mask.png
Dataset_BUSI_with_GT/Dataset_BUSI_with_GT/benign/benign (95).png,Dataset_BUSI_with_GT/Dataset_BUSI_with_GT/benign/benign (95)_mask.png
Dataset_BUSI_with_GT/Dataset_BUSI_with_GT/malignant/malignant (17).png,Dataset_BUSI_with_GT/Dataset_BUSI_with_GT/malignant/malignant (17)_mask.png
Dataset_BUSI_with_GT/Dataset_BUSI_with_GT/malignant/malignant (120).png,Dataset_BUSI_with_GT/Dataset_BUSI_with_GT/malignant/malignant (120)_mask.png
Dataset_BUSI_with_GT/Dataset_BUSI_with_GT/malignant/malignant (85).png,Dataset_BUSI_with_GT/Dataset_BUSI_with_GT/malignant/malignant (85)_mask.png
Dataset_BUSI_with_GT/Dataset_BUSI_with_GT/malignant/malignant (128).png,Dataset_BUSI_with_GT/Dataset_BUSI_with_GT/malignant/malignant (128)_mask.png
Dataset_BUSI_with_GT/Dataset_BUSI_with_GT/benign/benign (325).png,Dataset_BUSI_with_GT/Dataset_BUSI_with_GT/benign/benign (325)_mask.png
Dataset_BUSI_with_GT/Dataset_BUSI_with_GT/benign/benign (132).png,Dataset_BUSI_with_GT/Dataset_BUSI_with_GT/benign/benign (132)_mask.png
Dataset_BUSI_with_GT/Dataset_BUSI_with_GT/malignant/malignant (35).png,Dataset_BUSI_with_GT/Dataset_BUSI_with_GT/malignant/malignant (35)_mask.png
Dataset_BUSI_with_GT/Dataset_BUSI_with_GT/malignant/malignant (208).png,Dataset_BUSI_with_GT/Dataset_BUSI_with_GT/malignant/malignant (208)_mask.png
Dataset_BUSI_with_GT/Dataset_BUSI_with_GT/malignant/malignant (13).png,Dataset_BUSI_with_GT/Dataset_BUSI_with_GT/malignant/malignant (13)_mask.png
Dataset_BUSI_with_GT/Dataset_BUSI_with_GT/malignant/malignant (40).png,Dataset_BUSI_with_GT/Dataset_BUSI_with_GT/malignant/malignant (40)_mask.png
Dataset_BUSI_with_GT/Dataset_BUSI_with_GT/benign/benign (86).png,Dataset_BUSI_with_GT/Dataset_BUSI_with_GT/benign/benign (86)_mask.png
Dataset_BUSI_with_GT/Dataset_BUSI_with_GT/benign/benign (254).png,Dataset_BUSI_with_GT/Dataset_BUSI_with_GT/benign/benign (254)_mask.png
Dataset_BUSI_with_GT/Dataset_BUSI_with_GT/malignant/malignant (159).png,Dataset_BUSI_with_GT/Dataset_BUSI_with_GT/malignant/malignant (159)_mask.png
Dataset_BUSI_with_GT/Dataset_BUSI_with_GT/benign/benign (300).png,Dataset_BUSI_with_GT/Dataset_BUSI_with_GT/benign/benign (300)_mask.png
Dataset_BUSI_with_GT/Dataset_BUSI_with_GT/benign/benign (284).png,Dataset_BUSI_with_GT/Dataset_BUSI_with_GT/benign/benign (284)_mask.png
Dataset_BUSI_with_GT/Dataset_BUSI_with_GT/benign/benign (363).png,Dataset_BUSI_with_GT/Dataset_BUSI_with_GT/benign/benign (363)_mask.png
Dataset_BUSI_with_GT/Dataset_BUSI_with_GT/benign/benign (335).png,Dataset_BUSI_with_GT/Dataset_BUSI_with_GT/benign/benign (335)_mask.png
Dataset_BUSI_with_GT/Dataset_BUSI_with_GT/benign/benign (97).png,Dataset_BUSI_with_GT/Dataset_BUSI_with_GT/benign/benign (97)_mask.png
Dataset_BUSI_with_GT/Dataset_BUSI_with_GT/benign/benign (107).png,Dataset_BUSI_with_GT/Dataset_BUSI_with_GT/benign/benign (107)_mask.png
Dataset_BUSI_with_GT/Dataset_BUSI_with_GT/malignant/malignant (100).png,Dataset_BUSI_with_GT/Dataset_BUSI_with_GT/malignant/malignant (100)_mask.png
Dataset_BUSI_with_GT/Dataset_BUSI_with_GT/benign/benign (303).png,Dataset_BUSI_with_GT/Dataset_BUSI_with_GT/benign/benign (303)_mask.png
Dataset_BUSI_with_GT/Dataset_BUSI_with_GT/benign/benign (155).png,Dataset_BUSI_with_GT/Dataset_BUSI_with_GT/benign/benign (155)_mask.png
Dataset_BUSI_with_GT/Dataset_BUSI_with_GT/benign/benign (392).png,Dataset_BUSI_with_GT/Dataset_BUSI_with_GT/benign/benign (392)_mask.png
Dataset_BUSI_with_GT/Dataset_BUSI_with_GT/benign/benign (42).png,Dataset_BUSI_with_GT/Dataset_BUSI_with_GT/benign/benign (42)_mask.png
Dataset_BUSI_with_GT/Dataset_BUSI_with_GT/benign/benign (135).png,Dataset_BUSI_with_GT/Dataset_BUSI_with_GT/benign/benign (135)_mask.png
Dataset_BUSI_with_GT/Dataset_BUSI_with_GT/benign/benign (167).png,Dataset_BUSI_with_GT/Dataset_BUSI_with_GT/benign/benign (167)_mask.png
Dataset_BUSI_with_GT/Dataset_BUSI_with_GT/benign/benign (290).png,Dataset_BUSI_with_GT/Dataset_BUSI_with_GT/benign/benign (290)_mask.png
Dataset_BUSI_with_GT/Dataset_BUSI_with_GT/benign/benign (159).png,Dataset_BUSI_with_GT/Dataset_BUSI_with_GT/benign/benign (159)_mask.png
Dataset_BUSI_with_GT/Dataset_BUSI_with_GT/benign/benign (366).png,Dataset_BUSI_with_GT/Dataset_BUSI_with_GT/benign/benign (366)_mask.png
Dataset_BUSI_with_GT/Dataset_BUSI_with_GT/benign/benign (273).png,Dataset_BUSI_with_GT/Dataset_BUSI_with_GT/benign/benign (273)_mask.png
Dataset_BUSI_with_GT/Dataset_BUSI_with_GT/benign/benign (59).png,Dataset_BUSI_with_GT/Dataset_BUSI_with_GT/benign/benign (59)_mask.png
Dataset_BUSI_with_GT/Dataset_BUSI_with_GT/benign/benign (419).png,Dataset_BUSI_with_GT/Dataset_BUSI_with_GT/benign/benign (419)_mask.png
